,Gene,Sequence,Score,Delta score,PEP,Raw file,Lifecycle Stage
452794,KS17gene_1898a,GTMPQEPTRGDR,101.93,92.97399999999999,4.5686e-06,PT5270-69,PCF
98741,KS17gene_1898a,APSGFPVLQGNSSKPTN,107.65,82.17200000000001,3.8611e-05,PT5268-53,PCF
452769,KS17gene_1898a,GTMPQEPTR,81.296,63.261,0.004041599999999999,PT5270-69,PCF
1006916,KS17gene_2338a,NDNYNKPVPGAEGQNDGLHFPQR,184.56,146.35,1.7409000000000002e-19,LG-30min-C7,BSF
721869,KS17gene_265a,KATSSLTDQLTK,242.45,158.95,4.4791e-53,LG_2hr_B8,BSF
128707,KS17gene_265a,ATSSLTDQLTK,175.65,64.921,4.1975e-06,LG_4hr_A8,BSF
448985,KS17gene_265a,FSGLVPDKLK,122.33,122.33,0.0020551,LG_8hr_C6,BSF
448979,KS17gene_265a,FSGLVPDK,128.61,75.92399999999999,0.005386999999999999,LG-30min-C2,BSF
745832,KS17gene_6299a,MEGLGLETQMR,105.98,88.166,0.00049591,PT5268-59,PCF
434506,KS17gene_6998a,GPLPDDLPDTSR,74.16199999999999,62.115,0.0025175,PT5270-59,PCF
434508,KS17gene_6998a,GPLPDDLPDTSRETDTLDER,40.085,31.375999999999998,0.0087604,PT5270-7,PCF
913758,KS17gene_7003a,SLDADQASVDADIFR,193.23,149.03,1.1514999999999996e-72,PT5269-28,PCF
1253866,KS17gene_7003a,SLYAGYFDGAAAQQK,211.46,148.83,4.8204999999999997e-29,LG-30min-C2,BSF
280567,KS17gene_7003a,ELPSHAPYSASLPLK,44.196000000000005,31.776,0.016374,PT5269-24,PCF
82343,KS17gene_7003a,ALTYCILR,66.993,28.86,0.040029,PT5268-5,PCF
1381035,KS17gene_8518a,TREPPADGFVDGASQFEGVSVK,172.81,135.52,1.7239e-12,LG-1hr-A7,BSF
1128903,KS17gene_8518a,VHTESDVYIPAAAFR,104.17,83.22200000000001,1.4062e-05,PT5269-32,PCF
781215,MSTRG.94,LAGVELQGINLSPPQR,240.37,240.37,7.851100000000001e-46,LG_8hr_A7,BSF
576920,MSTRG.94,GVVDAFTTLLR,196.88,105.02,4.6526e-12,LG-1hr-B10,BSF
792606,MSTRG.94,LCQLELLISR,144.77,87.179,0.00019288,LG-1hr-B8,BSF
1011449,TRY.375,TGTATDNATVALNCNPLE,123.28,90.669,2.184e-13,PT5268-62,PCF
1050125,TRY.375,TSFLVEGR,101.41,45.29,0.0051084,PT5269-26,PCF
